clade	gene	site	alt
B	nuc	172	A
B	nuc	525	A
B	VP1	58	T

B1	nuc	597	T
B1	nuc	726	A

B2	nuc	243	C
B2	nuc	645	A
B2	nuc	756	T

B3	nuc	201	G
B3	nuc	231	A
B3	nuc	243	T
B3	nuc	297	C
B3	nuc	309	G
B3	nuc	373	T

B4	nuc	54	G
B4	nuc	222	T
B4	nuc	492	G
B4	nuc	561	G
B4	nuc	840	C

B5	nuc	153	G
B5	nuc	156	C
B5	nuc	238	C
B5	nuc	642	C
B5	nuc	711	C

C	nuc	550	T
C	nuc	720	C

C3	nuc	222	T
C3	nuc	612	C
C3	nuc	660	C
C3	nuc	726	A
C3	nuc	852	C
C3	nuc	867	T

C2	nuc	42	C
C2	nuc	81	T
C2	nuc	93	T
C2	nuc	264	A

C5	nuc	6	C
C5	nuc	27	A
C5	nuc	120	C
C5	nuc	132	C

C1	nuc	264	G
C1	nuc	888	T

C1-like	nuc	57	C
C1-like	nuc	291	A
C1-like	nuc	501	G
C1-like	nuc	837	C

C4	nuc	27	A
C4	nuc	123	A
C4	nuc	723	C

G	nuc	285	T
G	nuc	531	A
G	nuc	547	C
G	nuc	696	G
G	nuc	777	G
G	nuc	864	T

D	nuc	360	G
D	nuc	78	T
D	nuc	279	T
D	nuc	348	T
D	nuc	390	T

E	nuc	159	C
E	nuc	414	G
E	nuc	774	A
E	nuc	792	A

F	nuc	453	G
F	VP1	275	T

A	nuc	75	T
A	nuc	96	C
A	nuc	519	G
A	nuc	525	G